{
    "$schema": "http://json-schema.org/draft-07/schema#",
    "additionalProperties": false,
    "description": "Registration request",
    "properties": {
        "email": {
            "type": "string"
        },
        "firstName": {
            "type": "string"
        },
        "lastName": {
            "type": "string"
        },
        "password": {
            "type": "string"
        },
        "phoneNumber": {
            "type": "string"
        }
    },
    "required": [
        "email",
        "password"
    ],
    "type": "object"
}
