{
    "$schema": "http://json-schema.org/draft-06/schema#",
    "anyOf": [
        {
            "$ref": "#/definitions/AuthenticateRequestWithCredentials"
        },
        {
            "$ref": "#/definitions/AuthenticateRequestWithToken"
        }
    ],
    "definitions": {
        "AuthenticateRequestWithCredentials": {
            "additionalProperties": false,
            "description": "Authentication request with credentials",
            "properties": {
                "password": {
                    "type": "string"
                },
                "username": {
                    "type": "string"
                }
            },
            "required": [
                "password",
                "username"
            ],
            "type": "object"
        },
        "AuthenticateRequestWithToken": {
            "additionalProperties": false,
            "description": "Authentication request with refresh token",
            "properties": {
                "token": {
                    "type": "string"
                }
            },
            "type": "object"
        }
    }
}
